objectid_1,namobj,jnspls,thnopr,regpln,srs_id,longitude,latitude
9,PLTD Padang Tikar (MTU),PLTD,2022,Kalimantan,4326,109.27293740000005,-0.6800530999999523
10,PLTD Padang Tikar (MTU),PLTD,2022,Kalimantan,4326,109.27293740000005,-0.6800530999999523
11,PLTD Padang Tikar (Mitsubishi),PLTD,2022,Kalimantan,4326,109.27293740000005,-0.6800530999999523
12,PLTD Padang Tikar (Mitsubishi),PLTD,2022,Kalimantan,4326,109.27150220000004,-0.6820652999999766
13,PLTD Padang Tikar (Deutz),PLTD,2022,Kalimantan,4326,109.27150220000004,-0.6820652999999766
14,PLTD Padang Tikar (Deutz),PLTD,2022,Kalimantan,4326,109.27018710000004,-0.6820652999999766
53,PLTD Sawai Baru (Mitsubishi),PLTD,2022,Kalimantan,4326,112.91065747100004,0.8832310640000287
54,PLTD Sawai Baru (Mitsubishi),PLTD,2022,Kalimantan,4326,112.91070038600003,0.8831881540000381
55,PLTD Sawai Baru (Mitsubishi),PLTD,2022,Kalimantan,4326,112.91076476,0.8833061570000496
56,PLTD Sawai Baru (Mitsubishi),PLTD,2022,Kalimantan,4326,112.91053945300007,0.8833276120000733
57,PLTD Sawai Baru (Mitsubishi),PLTD,2022,Kalimantan,4326,112.91073257300002,0.8832954300000324
58,PLTD Sawai Baru (Mitsubishi),PLTD,2022,Kalimantan,4326,112.91072184400002,0.8832417920000353
59,PLTD Sawai Baru (Mitsubishi),PLTD,2022,Kalimantan,4326,112.91071111500003,0.8833812500000704
60,PLTD Sawai Baru (Mitsubishi),PLTD,2022,Kalimantan,4326,112.91063833500004,0.8832178890000364
61,PLTD Sawai (Mitsubishi),PLTD,2022,Kalimantan,4326,112.92603672300004,0.8849626430000512
62,PLTD Sawai (Mitsubishi),PLTD,2022,Kalimantan,4326,112.92604342900006,0.8849579500000573
63,PLTD Sawai (MTU),PLTD,2022,Kalimantan,4326,112.92604275800011,0.8849653250000529
64,PLTD Sawai (MTU),PLTD,2022,Kalimantan,4326,112.92604887000005,0.884964453000066
65,PLTD Sukaharja (Mitsubishi),PLTD,2022,Kalimantan,4326,109.97675164800006,-1.8016831089999528
66,PLTD Sukaharja (Mitsubishi),PLTD,2022,Kalimantan,4326,109.97685742900006,-1.801698273999932
67,PLTD Sukaharja (Mitsubishi),PLTD,2022,Kalimantan,4326,109.97674509300003,-1.8016174339999793
68,PLTD Sukaharja (Mitsubishi),PLTD,2022,Kalimantan,4326,109.97674509300003,-1.8016067099999304
69,PLTD Sukaharja (Deutz AG),PLTD,2022,Kalimantan,4326,109.97671230000009,-1.8016830469999263
70,PLTD Sukaharja (Ruston),PLTD,2022,Kalimantan,4326,109.97669900000005,-1.8021479999999315
71,PLTD Sukaharja (Ruston),PLTD,2022,Kalimantan,4326,109.97669900000005,-1.8021479999999315
72,PLTD Teluk Melano (Mitsubishi),PLTD,2022,Kalimantan,4326,109.94976379700006,-1.1354507319999243
73,PLTD Teluk Melano (Mitsubishi),PLTD,2022,Kalimantan,4326,109.94972088100008,-1.1354507319999243
74,PLTD Teluk Melano (Mitsubishi),PLTD,2022,Kalimantan,4326,109.94979598300006,-1.1353970979999417
75,PLTD Teluk Melano (Mitsubishi),PLTD,2022,Kalimantan,4326,109.94973161000007,-1.1354829119999295
76,PLTD Teluk Melano (Mitsubishi),PLTD,2022,Kalimantan,4326,109.94980671200005,-1.1354292779999469
77,PLTD Sukaharja (Wartsila),PLTD,2022,Kalimantan,4326,109.97696110000004,-1.8021359999999618
78,PLTD Sukaharja (Wartsila),PLTD,2022,Kalimantan,4326,109.97671964500006,-1.801781301999938
79,PLTD Sukaharja (Deutz),PLTD,2022,Kalimantan,4326,109.97672157900007,-1.8018105349999587
82,PLTD Telaga (Deutz),PLTD,2022,Kalimantan,4326,113.32974338500003,-2.421045658999958
83,PLTD Telaga (Deutz),PLTD,2022,Kalimantan,4326,113.32974338500003,-2.421045658999958
84,PLTD Telaga (Deutz),PLTD,2022,Kalimantan,4326,113.32974338500003,-2.421045658999958
85,PLTD Telaga (Deutz),PLTD,2022,Kalimantan,4326,113.32974338500003,-2.421045658999958
86,PLTD Tumbang Senamang (BF6),PLTD,2022,Kalimantan,4326,112.42500450700004,-1.1601726469999676
87,PLTD Tumbang Senamang (BF6),PLTD,2022,Kalimantan,4326,112.42500450700004,-1.1601726469999676
88,PLTD Tumbang Senamang (MWM),PLTD,2022,Kalimantan,4326,112.42500450700004,-1.1601726469999676
89,PLTD Tumbang Senamang (Cummins),PLTD,2022,Kalimantan,4326,112.42500450700004,-1.1601726469999676
90,PLTD Tumbang Senamang (Deutz),PLTD,2022,Kalimantan,4326,112.42500450700004,-1.1601726469999676
91,PLTD Pagatan (Cummins),PLTD,2022,Kalimantan,4326,113.3298520300001,-3.2563938569999777
92,PLTD Pagatan (Deutz),PLTD,2022,Kalimantan,4326,113.3298520300001,-3.2563938569999777
93,PLTD Pagatan (Deutz),PLTD,2022,Kalimantan,4326,113.3298520300001,-3.2563938569999777
94,PLTD Pagatan (Deutz),PLTD,2022,Kalimantan,4326,113.3298520300001,-3.2563938569999777
95,PLTD Menyurai (Deutz MWM),PLTD,2022,Kalimantan,4326,111.51082756800008,0.08557051200006072
96,PLTD Menyurai (Caterpillar),PLTD,2022,Kalimantan,4326,111.51075137400005,0.0855460210000274
97,PLTD Menyurai (Mitsubishi),PLTD,2022,Kalimantan,4326,111.51083845300008,0.08552969300006907
98,PLTD Menyurai (Mitsubishi),PLTD,2022,Kalimantan,4326,111.51082348700004,0.08553785700001981
99,PLTD Menyurai (Deutz MWM),PLTD,2022,Kalimantan,4326,111.51079195200003,0.08554832700002635
100,PLTD Menyurai (Deutz MWM),PLTD,2022,Kalimantan,4326,111.51080268100009,0.0856985310000482
101,PLTD Menyurai (Deutz MWM),PLTD,2022,Kalimantan,4326,111.51075976600004,0.08570925900005477
102,PLTD Menyurai (SWD),PLTD,2022,Kalimantan,4326,111.51073830800004,0.08566634400006023
103,PLTD Sekadau (MTU),PLTD,2022,Kalimantan,4326,110.85214855400005,-0.008016326999950252
111,PLTD Talisayan (Mitsubishi),PLTD,2022,Kalimantan,4326,118.1770255130001,1.6051450590000513
112,PLTD Bunyu (Mitsubishi),PLTD,2022,Kalimantan,4326,117.84539678300007,3.469843099000059
128,PLTD Talisayan (Mitsubishi),PLTD,2022,Kalimantan,4326,118.1770255130001,1.6051450590000513
131,PLTD Talisayan (Cummins),PLTD,2022,Kalimantan,4326,118.1770255130001,1.6051450590000513
133,PLTD Talisayan (Cummins),PLTD,2022,Kalimantan,4326,118.1770255130001,1.6051450590000513
135,PLTD Talisayan (MAN),PLTD,2022,Kalimantan,4326,118.1770255130001,1.6051450590000513
137,PLTD Talisayan (MTU),PLTD,2022,Kalimantan,4326,118.1770255130001,1.6051450590000513
153,PLTD Kudangan (Deutz),PLTD,2022,Kalimantan,4326,111.03876000000008,-1.598859999999945
160,PLTD Kudangan (Deutz),PLTD,2022,Kalimantan,4326,111.03876000000008,-1.598859999999945
161,PLTD Kudangan (Deutz),PLTD,2022,Kalimantan,4326,111.03876000000008,-1.598859999999945
186,PLTD Badau MTU,PLTD,2022,Kalimantan,4326,111.90224480000006,1.0435127000000648
187,PLTD Badau MTU,PLTD,2022,Kalimantan,4326,111.90224480000006,1.0435127000000648
188,PLTD Badau MTU,PLTD,2022,Kalimantan,4326,111.90224480000006,1.0435127000000648
189,PLTD Badau CAT,PLTD,2022,Kalimantan,4326,111.94695531700006,1.0655135200000245
194,PLTD Kudangan (Deutz),PLTD,2022,Kalimantan,4326,111.03876000000008,-1.598859999999945
195,PLTD Kudangan (Deutz),PLTD,2022,Kalimantan,4326,111.03880000000004,-1.5988099999999577
198,PLTMH Merasap,PLTMH,2022,Kalimantan,4326,109.74077700000004,1.1266195000000607
199,PLTMH Merasap,PLTMH,2022,Kalimantan,4326,109.74077700000004,1.1266195000000607
205,PLTD Kerayaan (Deutz),PLTD,2022,Kalimantan,4326,116.20414141600008,-4.088576678999971
206,PLTD Kerayaan (Deutz),PLTD,2022,Kalimantan,4326,116.20414141600008,-4.088576678999971
207,PLTD Kerayaan (Deutz),PLTD,2022,Kalimantan,4326,116.20414141600008,-4.088576678999971
208,PLTD Kerayaan (Deutz),PLTD,2022,Kalimantan,4326,116.20414141600008,-4.088576678999971
251,PLTMG Bontang,PLTMG,2022,Kalimantan,4326,117.4540885450001,0.13742492900001935
252,PLTD Bontang (MAK),PLTD,2022,Kalimantan,4326,117.45407471600004,0.1374279480000382
253,PLTD Bontang (MAK),PLTD,2022,Kalimantan,4326,117.45405996300008,0.13742995900003052
254,PLTMG Gunung PhilipTarakan 3 - Maxpower Indonesia,PLTMG,2022,Kalimantan,4326,117.61900000000003,3.3158200000000306
290,PLTD KUALA PEMBUANG UNIT 10,PLTD,2022,Kalimantan,4326,112.54475263600011,-3.389296849999937
306,PLTD Kartamulia Sukamara Mitsubishi Unit 9,PLTD,2022,Kalimantan,4326,111.21059600000007,-2.68449499999997
307,PLTD Simpang Sepaku Mitsubishi Unit 10,PLTD,2022,Kalimantan,4326,111.46141040000003,-2.178697399999976
339,PLTD Keledang Unit 7,PLTD,2022,Kalimantan,4326,117.12127348100012,-0.5244268889999262
342,PLTD Sentawar Mitsubishi 15,PLTD,2022,Kalimantan,4326,115.80137000000002,-0.24238999999994348
343,PLTD Sentawar Mitsubishi 14,PLTD,2022,Kalimantan,4326,115.80137000000002,-0.24238999999994348
344,PLTD Sentawar Mitsubishi 13,PLTD,2022,Kalimantan,4326,115.80137000000002,-0.24238999999994348
345,PLTD Sentawar Mitsubishi 12,PLTD,2022,Kalimantan,4326,115.80137000000002,-0.24238999999994348
346,PLTD Sentawar Mitsubishi 11,PLTD,2022,Kalimantan,4326,115.80137000000002,-0.24238999999994348
347,PLTD Sentawar Mitsubishi 10,PLTD,2022,Kalimantan,4326,115.80137000000002,-0.24238999999994348
348,PLTD Sentawar Mitsubishi 09,PLTD,2022,Kalimantan,4326,115.80137000000002,-0.24238999999994348
349,PLTD Sentawar Mitsubishi 08,PLTD,2022,Kalimantan,4326,115.80137000000002,-0.24238999999994348
350,PLTD Sentawar Mitsubishi 07,PLTD,2022,Kalimantan,4326,115.80137000000002,-0.24238999999994348
351,PLTD Sentawar Mitsubishi 06,PLTD,2022,Kalimantan,4326,115.80137000000002,-0.24238999999994348
352,PLTD Sentawar Mitsubishi 05,PLTD,2022,Kalimantan,4326,115.80137000000002,-0.24238999999994348
353,PLTD Sentawar Mitsubishi 04,PLTD,2022,Kalimantan,4326,115.80137000000002,-0.24238999999994348
356,PLTD Sentawar Mitsubishi 03,PLTD,2022,Kalimantan,4326,115.80137000000002,-0.24238999999994348
357,PLTD Sentawar Mitsubishi 02,PLTD,2022,Kalimantan,4326,115.80137000000002,-0.24238999999994348
358,PLTD Sentawar Mitsubishi 01,PLTD,2022,Kalimantan,4326,115.80137000000002,-0.24238999999994348
366,PLTMG Bangkanai Unit 3,PLTMG,2022,Kalimantan,4326,115.13685323100003,-0.6216910259999509
367,PLTU Pulang Pisau Unit 2,PLTU,2022,Kalimantan,4326,114.20904761200006,-2.8224407499999415
374,Pembangkit Listrik Tenaga Diesel UNIT 15 - PT. SUMBERDAYA SEWATAMA - PT. PLN (Persero) UIKL Kalimantan UPDK Kapuas ULPLTD Ketapang,PLTD,2022,Kalimantan,4326,109.97671300000007,-1.8018339999999284
375,Pembangkit Listrik Tenaga Diesel UNIT 14 - PT. SUMBERDAYA SEWATAMA - PT. PLN (Persero) UIKL Kalimantan UPDK Kapuas ULPLTD Ketapang,PLTD,2022,Kalimantan,4326,109.97671300000007,-1.8018339999999284
376,Pembangkit Listrik Tenaga Diesel UNIT 13 - PT. SUMBERDAYA SEWATAMA - PT. PLN (Persero) UIKL Kalimantan UPDK Kapuas ULPLTD Ketapang,PLTD,2022,Kalimantan,4326,109.97671300000007,-1.8018339999999284
377,Pembangkit Listrik Tenaga Diesel UNIT 12 - PT. SUMBERDAYA SEWATAMA - PT. PLN (Persero) UIKL Kalimantan UPDK Kapuas ULPLTD Ketapang,PLTD,2022,Kalimantan,4326,109.97671300000007,-1.8018339999999284
378,Pembangkit Listrik Tenaga Diesel UNIT 11 - PT. SUMBERDAYA SEWATAMA - PT. PLN (Persero) UIKL Kalimantan UPDK Kapuas ULPLTD Ketapang,PLTD,2022,Kalimantan,4326,109.97671300000007,-1.8018339999999284
379,Pembangkit Listrik Tenaga Diesel UNIT 8 - PT. SUMBERDAYA SEWATAMA - PT. PLN (Persero) UIKL Kalimantan UPDK Kapuas ULPLTD Ketapang,PLTD,2022,Kalimantan,4326,109.97671300000007,-1.8018339999999284
380,Pembangkit Listrik Tenaga Diesel UNIT 7 - PT. SUMBERDAYA SEWATAMA - PT. PLN (Persero) UIKL Kalimantan UPDK Kapuas ULPLTD Ketapang,PLTD,2022,Kalimantan,4326,109.97671300000007,-1.8018339999999284
381,Pembangkit Listrik Tenaga Diesel UNIT 4 - PT. SUMBERDAYA SEWATAMA - PT. PLN (Persero) UIKL Kalimantan UPDK Kapuas ULPLTD Ketapang,PLTD,2022,Kalimantan,4326,109.97671300000007,-1.8018339999999284
382,Pembangkit Listrik Tenaga Diesel UNIT 3 - PT. SUMBERDAYA SEWATAMA - PT. PLN (Persero) UIKL Kalimantan UPDK Kapuas ULPLTD Ketapang,PLTD,2022,Kalimantan,4326,109.97671300000007,-1.8018339999999284
383,Pembangkit Listrik Tenaga Diesel UNIT 2 - PT. SUMBERDAYA SEWATAMA - PT. PLN (Persero) UIKL Kalimantan UPDK Kapuas ULPLTD Ketapang,PLTD,2022,Kalimantan,4326,109.97671300000007,-1.8018339999999284
384,Pembangkit Listrik Tenaga Diesel UNIT 1 - PT. SUMBERDAYA SEWATAMA - PT. PLN (Persero) UIKL Kalimantan UPDK Kapuas ULPLTD Ketapang,PLTD,2022,Kalimantan,4326,109.97671300000007,-1.8018339999999284
464,PLTD SAMPIT #9,PLTD,2022,Kalimantan,4326,112.96978200000001,-2.516034999999931
465,PLTD SAMPIT #8,PLTD,2022,Kalimantan,4326,112.96986000000004,-2.515974999999969
485,PLTD Kahayan Unit 4 MAK 8M453 C,PLTD,2022,Kalimantan,4326,113.8735405000001,-2.1729481999999507
486,PLTD Kahayan Unit 3 MAK 8M453 AK,PLTD,2022,Kalimantan,4326,113.87354140000002,-2.1729473999999414
487,PLTD Kahayan Unit 2 MAK 8M453 AK,PLTD,2022,Kalimantan,4326,113.87353830000006,-2.1729504999999563
488,PLTD Kahayan Unit 1 MAK 8M453 AK,PLTD,2022,Kalimantan,4326,113.87387177700009,-2.1719900829999688
497,PLTD Kumai Unit MAK 6CM 32C,PLTD,2022,Kalimantan,4326,111.72807090000003,-2.7254705999999373
498,PLTD Kumai Unit MAK 6CM 32C,PLTD,2022,Kalimantan,4326,111.72807090000003,-2.7254705999999373
499,PLTD KUMAI UNIT MAK CAT 6CM 32C,PLTD,2022,Kalimantan,4326,111.72804280000008,-2.7255075999999576
500,PLTD KUMAI UNIT MAK CAT 6CM 32C,PLTD,2022,Kalimantan,4326,111.72804280000008,-2.7255075999999576
501,PLTD KUMAI UNIT MAK 8M 453 C,PLTD,2022,Kalimantan,4326,111.72570520000005,-2.719960599999979
502,PLTD KUMAI UNIT MAK 8M 453 C,PLTD,2022,Kalimantan,4326,111.72570520000005,-2.719960599999979
503,PLTD TRISAKTI #09 (SWD),PLTD,2022,Kalimantan,4326,114.57085330500001,-3.3105004619999363
504,PLTD TRISAKTI #03 (PIELSTICK),PLTD,2022,Kalimantan,4326,114.56934400000011,-3.3098139999999603
505,PLTD TRISAKTI #03 (PIELSTICK),PLTD,2022,Kalimantan,4326,114.56934400000011,-3.3098139999999603
506,PLTD TRISAKTI #02 (SULZER),PLTD,2022,Kalimantan,4326,114.56923500000005,-3.3098189999999477
507,PLTD TRISAKTI #02 (SULZER),PLTD,2022,Kalimantan,4326,114.56923500000005,-3.3098189999999477
522,PLTD TRISAKTI #05 (SWD),PLTD,2022,Kalimantan,4326,114.5695770000001,-3.3099189999999794
523,PLTMG - Gunung Belah 4A,PLTMG,2022,Kalimantan,4326,117.59617000000003,3.3033570000000623
524,PLTMG - Maxpower Indonesia (Gunung Belah),PLTMG,2022,Kalimantan,4326,117.59617000000003,3.3033570000000623
525,PLTMG - Binalatung 4B,PLTMG,2022,Kalimantan,4326,117.65417810000008,3.3424916000000735
538,PLTD TRISAKTI #06 (SWD),PLTD,2022,Kalimantan,4326,114.56963000000007,-3.309970999999962
567,PLTG MPP PARIT BARU UNIT 3,PLTG,2022,Kalimantan,4326,109.20413600000006,0.05889800000005607
568,PLTG MPP PARIT BARU UNIT 4,PLTG,2022,Kalimantan,4326,109.20404800000006,0.05875100000002931
569,PLTG MPP PARIT BARU UNIT 1,PLTG,2022,Kalimantan,4326,109.20428200000003,0.059223000000031334
570,PLTG MPP PARIT BARU UNIT 2,PLTG,2022,Kalimantan,4326,109.20421000000005,0.05906100000004244
576,Steam Turbin PLTGU Tanjung Batu,Steam,2022,Kalimantan,4326,117.05118335400005,-0.3810469139999668
597,PLTMG Bangkanai (Peaker) Stage 2 (140 MW) Unit 4,PLTMG,2022,Kalimantan,4326,115.13648134900006,-0.6225058439999316
598,PLTMG Bangkanai (Peaker) Stage 2 (140 MW) Unit 3,PLTMG,2022,Kalimantan,4326,115.13648134900006,-0.6225058439999316
599,PLTMG Bangkanai (Peaker) Stage 2 (140 MW) Unit 2,PLTMG,2022,Kalimantan,4326,115.13648134900006,-0.6225058439999316
600,PLTMG Bangkanai (Peaker) Stage 2 (140 MW) Unit 1,PLTMG,2022,Kalimantan,4326,115.13648134900006,-0.6225058439999316
601,PLTU Kaltim - Teluk Balikpapan Unit 2,PLTU,2022,Kalimantan,4326,116.78901751500007,-1.170136968999941
602,PLTU Kaltim - Teluk Balikpapan Unit 1,PLTU,2022,Kalimantan,4326,116.78908188800006,-1.1700136129999805
603,PLTMG Bangkanai (Peaker) Stage 2 (140 MW) Unit 8,PLTMG,2022,Kalimantan,4326,115.13648134900006,-0.6225058439999316
604,PLTMG Bangkanai (Peaker) Stage 2 (140 MW) Unit 5,PLTMG,2022,Kalimantan,4326,115.13648134900006,-0.6225058439999316
605,PLTMG Bangkanai (Peaker) Stage 2 (140 MW) Unit 6,PLTMG,2022,Kalimantan,4326,115.13648134900006,-0.6225058439999316
606,PLTMG Bangkanai (Peaker) Stage 2 (140 MW) Unit 7,PLTMG,2022,Kalimantan,4326,115.13648134900006,-0.6225058439999316
607,PLTMG Bangkanai (Peaker) Stage 2 (140 MW) Unit 11,PLTMG,2022,Kalimantan,4326,115.13648134900006,-0.6225058439999316
608,PLTMG Bangkanai (Peaker) Stage 2 (140 MW) Unit 12,PLTMG,2022,Kalimantan,4326,115.13648134900006,-0.6225058439999316
609,PLTMG Bangkanai (Peaker) Stage 2 (140 MW) Unit 9,PLTMG,2022,Kalimantan,4326,115.13648134900006,-0.6225058439999316
610,PLTMG Bangkanai (Peaker) Stage 2 (140 MW) Unit 10,PLTMG,2022,Kalimantan,4326,115.13648134900006,-0.6225058439999316
628,PLTD Trisakti,PLTD,1983,Kalimantan,4326,114.57200000000012,-3.3099999999999454
629,PLTG Trisakti,PLTG,1985,Kalimantan,4326,114.56952298100009,-3.3102843459999463
630,PLTD Kuala Kapuas,PLTD,1992,Kalimantan,4326,114.37400000000002,-3.0119999999999436
631,PLTD Barabai,PLTD,1977,Kalimantan,4326,115.37600000000009,-2.592999999999961
632,PLTD Batu Sopang,PLTD,2006,Kalimantan,4326,115.91200000000003,-1.8199999999999363
633,PLTD Panangkalaan,PLTD,1986,Kalimantan,4326,115.26200000000006,-2.4039999999999395
634,PLTD Tanjung,PLTD,1977,Kalimantan,4326,115.93100000000004,-2.182999999999936
635,PLTD Maburai,PLTD,1996,Kalimantan,4326,115.45000000000005,-2.1949999999999363
636,PLTA IR. PM Noor,PLTA,1973,Kalimantan,4326,115.00800000000004,-3.5159999999999627
637,PLTMG Bangkanai Blok #01,PLTMG,2016,Kalimantan,4326,115.13657232300011,-0.6224871629999598
638,PLTU Asam Asam #01,PLTU,2000,Kalimantan,4326,115.10534502200005,-3.926742954999952
639,PLTD Asam Asam,PLTD,2000,Kalimantan,4326,115.10500000000002,-3.9249999999999545
640,PLTU Pulang Pisau #01,PLTU,2016,Kalimantan,4326,114.20903807100001,-2.8231332499999553
641,PLTD Karang Asam,PLTD,1978,Kalimantan,4326,117.11413325000001,-0.5024384469999745
642,PLTD Bontang,PLTD,2003,Kalimantan,4326,117.45900000000006,0.14500000000003865
643,PLTD Kledang,PLTD,1987,Kalimantan,4326,117.12200000000007,-0.5229999999999677
644,PLTGU Tanjung Batu #01,PLTGU,1997,Kalimantan,4326,117.0513075770001,-0.3816002509999521
645,PLTG Peaking #01,PLTG,2014,Kalimantan,4326,117.05160263000005,-0.38399398799992923
646,PLTG Sambera #01,PLTG,2009,Kalimantan,4326,117.29149793400006,-0.31665197199993145
647,PLTMG Kaltimex,PLTMG,2008,Kalimantan,4326,117.0529398870001,-0.38321352499997374
648,PLTU Embalut (PT. Cahaya Fajar Kaltim) #01,PLTU,2008,Kalimantan,4326,117.06192385700001,-0.3731148409999605
649,PLTU Senoni #01,PLTU,2011,Kalimantan,4326,117.09266633300001,-0.5433921029999738
650,PLTMG Belimbing,PLTMG,2014,Kalimantan,4326,117.4511385400001,0.16577921900005776
651,PLTU Mangkujenang,PLTU,2015,Kalimantan,4326,117.15605500000004,-0.5385799999999676
652,PLTU Rimba Raya,PLTU,2015,Kalimantan,4326,117.03456809600004,-0.5468512839999562
653,PLTMG Bontang Wartsila #01,PLTMG,2009,Kalimantan,4326,117.45411687000001,0.13742665200004467
654,PLTU MT Kaltim (Muara Jawa) #01,PLTU,2018,Kalimantan,4326,117.18867726300005,-0.7801875419999647
655,PLTD Tanah Grogot,PLTD,1996,Kalimantan,4326,116.18000000000006,-1.8879999999999768
656,PLTD Petung,PLTD,1984,Kalimantan,4326,116.67000000000007,-1.3419999999999277
657,PLTMG SW Petung (PT. Benuo Taka Energy) #01,PLTMG,2010,Kalimantan,4326,116.74014175200011,-1.2910129099999494
658,PLTD Long Ikis,PLTD,2002,Kalimantan,4326,116.18700000000001,-1.599999999999966
659,PLTG Senipah #01,PLTG,2014,Kalimantan,4326,117.13536405800005,-0.9876281779999658
660,PLTU Kariangau (PT. Kariangau Power) #01,PLTU,2014,Kalimantan,4326,116.80144045600002,-1.1988393229999588
661,PLTD Gunung Malang,PLTD,1978,Kalimantan,4326,116.84122842800002,-1.2626573579999558
662,PLTD Batakan Unit,PLTD,1988,Kalimantan,4326,116.95100000000002,-1.2379999999999427
663,PLTD Cogindo (MFO),PLTD,2009,Kalimantan,4326,116.95112373200004,-1.2379999999999427
664,PLTD CDE Karang Joang (MFO),PLTD,2010,Kalimantan,4326,116.87800000000004,-1.148999999999944
665,PLTU Teluk Balikpapan #01,PLTU,2017,Kalimantan,4326,116.78917543800003,-1.16978673899996
666,PLTD Muara Komam,PLTD,1982,Kalimantan,4326,115.81200000000001,-1.6749999999999545
667,PLTD Kerang,PLTD,1982,Kalimantan,4326,116.08200000000011,-2.238999999999976
668,PLTD Tanjung Aru,PLTD,2002,Kalimantan,4326,116.58400000000006,-2.1749999999999545
669,PLTD Jenebora/Gresik,PLTD,2000,Kalimantan,4326,116.73500000000001,-1.1859999999999786
670,PLTD Siantan,PLTD,1977,Kalimantan,4326,109.32700000000006,-0.0019999999999527063
671,PLTG Siantan,PLTG,1997,Kalimantan,4326,109.32720939300003,-0.0012182839999468342
672,PLTD Sei Raya,PLTD,1987,Kalimantan,4326,109.38000000000005,-0.07199999999994589
673,PLTD Sudirman,PLTD,1982,Kalimantan,4326,108.99800000000005,0.9110000000000582
674,PLTD Sei Wie,PLTD,1986,Kalimantan,4326,108.98700000000008,0.9260000000000446
675,PLTU Ketapang #01,PLTU,2016,Kalimantan,4326,109.94226299300004,-1.782141514999978
676,PLTU Sanggau #01,PLTU,2014,Kalimantan,4326,110.55560144000009,0.03023794600005658
677,PLTBm PT. Rezeki,PLTBm,2018,Kalimantan,4326,109.28600000000006,0.011000000000024102
678,PLTMG MPP PLN Batam (MPP Pontianak),PLTMG,2017,Kalimantan,4326,109.20411302400004,0.05906543500003636
680,PLTD Sewatama Sera I&II,PLTD,2001,Kalimantan,4326,109.38100000000009,-0.07299999999997908
681,PLTD Sewa Ake,PLTD,2008,Kalimantan,4326,109.32800000000009,-0.0009999999999763531
682,PLTD Artiduta,PLTD,2010,Kalimantan,4326,109.38000000000005,-0.07399999999995543
683,PLTD Sewatama Sera III,PLTD,2013,Kalimantan,4326,109.38084771400008,-0.07297144599993999
684,PLTD Bugak Berawang,PLTD,2016,Kalimantan,4326,109.20300000000009,0.06100000000003547
685,PLTA SESCO 275,PLTA,2016,Kalimantan,4326,110.35021289900004,1.3539636820000283
686,PLTD Muara Bengkal,PLTD,1997,Kalimantan,4326,116.67400000000009,0.43700000000006867
687,PLTD Muara Wahau,PLTD,1995,Kalimantan,4326,116.84300000000007,1.0450000000000728
688,PLTD Sepaso,PLTD,2000,Kalimantan,4326,117.56100000000004,0.7560000000000286
689,PLTD Sepaso Pemkab,PLTD,2015,Kalimantan,4326,117.56113325000001,0.7559809640000594
690,PLTD Sepaso KPC,PLTD,2015,Kalimantan,4326,117.5610095180001,0.7558477140000264
691,PLTD Sepaso Altrak,PLTD,2015,Kalimantan,4326,117.56112373200006,0.7558381970000596
692,PLTD Sangkulirang,PLTD,1996,Kalimantan,4326,117.98000000000002,0.9860000000000468
693,PLTD Sangkulirang Pemkab,PLTD,2015,Kalimantan,4326,117.98015228600002,0.9859904820000338
694,PLTD Sewa Sentawar Pemkab Kubar,PLTD,2016,Kalimantan,4326,115.80111421400011,-0.24200951799997483
695,PLTD Sentawar,PLTD,2008,Kalimantan,4326,115.80100000000004,-0.2419999999999618
696,PLTD Melak,PLTD,2001,Kalimantan,4326,115.83147000000008,-0.21232999999995172
697,PLTD Sambaliung,PLTD,1996,Kalimantan,4326,117.51111000000003,2.1580000000000723
698,PLTD Malinau,PLTD,1996,Kalimantan,4326,116.61077048200002,3.5410300000000348
699,PLTD Selor,PLTD,1977,Kalimantan,4326,117.38561000000004,2.8319700000000694
700,PLTMG PLN Tarakan,PLTMG,2004,Kalimantan,4326,117.59576135400005,3.303209824000021
701,PLTD Sukamara #01 (MAN),PLTD,2006,Kalimantan,4326,111.16421327300009,-2.7170626419999735
702,PLTD Kahayan/Area Palangka Raya,PLTD,1986,Kalimantan,4326,113.87376000000006,-1.8266499999999724
703,PLTD Rayon Sampit,PLTD,1982,Kalimantan,4326,112.96944000000008,-2.515609999999981
704,PLTD Pangkalan Bun,PLTD,1983,Kalimantan,4326,111.73078000000004,-2.729689999999948
705,PLTD Kuala Pembuang #01 (MWM),PLTD,1991,Kalimantan,4326,112.54480492800008,-3.389834338999947
706,PLTD Rayon Nanga Bulik,PLTD,0,Kalimantan,4326,111.46889000000004,-2.1866699999999355
707,PLTD Kuala Kurun #01 (MWM),PLTD,1999,Kalimantan,4326,113.87250978700001,-1.1170097489999762
708,PLTD Sewa DKK Kuala Pembuang,PLTD,1991,Kalimantan,4326,112.54488107100008,-3.3896534999999517
709,PLTD Sewa PGL Pangkalan Bun,PLTD,2012,Kalimantan,4326,111.73094180300006,-2.729689999999948
710,PLTD Sewa Kaltimex Pangkalan Bun,PLTD,2012,Kalimantan,4326,111.73107505300004,-2.7297090359999743
711,PLTD Sewa UPM Pangkalan Banteng,PLTD,2018,Kalimantan,4326,111.82395373200006,-2.606599517999939
712,PLTD Sewa Kaltimex Sampit,PLTD,2012,Kalimantan,4326,112.96954469600007,-2.515609999999981
713,PLTD Kotabaru,PLTD,1980,Kalimantan,4326,116.21190916100011,-3.2536195179999368
714,PLTU Dua Samudera Perkasa (DSP),PLTU,2008,Kalimantan,4326,116.0287695180001,-3.3094995179999387
715,PLTU PT. Indocement Tunggal Perkasa,PLTU,2000,Kalimantan,4326,116.10752015900005,-3.2727487429999655
716,PLTBm Kotawaringin Barat,PLTBm,2018,Kalimantan,4326,111.96669000000009,-2.052009999999939
717,PLTD Kumai,PLTD,2004,Kalimantan,4326,111.72829000000007,-2.7246599999999717
718,PLTD Muara Teweh,PLTD,2004,Kalimantan,4326,114.8832000000001,-0.9255899999999428
719,PLTD Puruk Cahu,PLTD,2000,Kalimantan,4326,114.58300000000008,-0.5831999999999766
720,PLTD Buntok,PLTD,2004,Kalimantan,4326,114.82190000000003,-1.7450499999999352
721,PLTU Parit Baru Site Bengkayang #01,PLTU,2018,Kalimantan,4326,108.87365408700003,0.8367517880000719
722,PLTU PT. Makmur Sejahtera Wisesa,PLTU,2013,Kalimantan,4326,115.44507988200007,-2.157650983999929
723,PLTD Sukaharja,PLTD,1987,Kalimantan,4326,109.97670000000005,-1.802116999999953
724,PLTD Kendawangan Kanan,PLTD,1996,Kalimantan,4326,110.20660000000004,-2.5323169999999777
725,PLTD Air Hitam,PLTD,2001,Kalimantan,4326,110.62490000000008,-2.7934229999999616
726,PLTD Tanjung Satai,PLTD,1996,Kalimantan,4326,109.68170000000003,-1.2078319999999394
727,PLTD Dusun Besar,PLTD,1982,Kalimantan,4326,109.46120000000008,-1.1095829999999296
728,PLTD Sandai,PLTD,2001,Kalimantan,4326,110.52400000000006,-1.234282999999948
729,PLTD Balai Bekuak,PLTD,1999,Kalimantan,4326,110.36920000000003,-0.5219999999999345
730,PLTD Aur Kuning,PLTD,1995,Kalimantan,4326,110.48600000000005,-0.9537166999999727
731,PLTD Ulak Medang,PLTD,1994,Kalimantan,4326,110.28960000000006,-1.6782829999999649
732,PLTD Sampurna,PLTD,1999,Kalimantan,4326,110.45480000000003,-1.1841999999999757
734,PLTD Tumbang Titi,PLTD,2003,Kalimantan,4326,110.61110000000008,-1.845816999999954
735,PLTD Manis Mata,PLTD,1997,Kalimantan,4326,111.02820000000008,-2.4482669999999302
736,PLTD Marau,PLTD,1990,Kalimantan,4326,110.70760000000007,-2.1248169999999504
737,PLTMH Batu Menang,PLTMH,2007,Kalimantan,4326,110.95950000000005,-1.983547999999928
738,PLTD Nanga Tayap,PLTD,0,Kalimantan,4326,110.56326670000004,-1.5162166999999727
739,PLTD Teluk Melano,PLTD,0,Kalimantan,4326,109.95099000000005,-1.135355555999979
740,PLTD Air Upas,PLTD,0,Kalimantan,4326,110.80004000000008,-2.3031199999999785
741,PLTBm PT Alas Kusuma,PLTBm,0,Kalimantan,4326,109.97245300000009,-1.7815729999999803
742,PLTD PT. Sewatama Ketapang,PLTD,0,Kalimantan,4326,109.97683325000008,-1.802126517999966
743,PLTD PT. Sewatama Ketapang 1,PLTD,0,Kalimantan,4326,109.97683325000008,-1.8022788029999788
744,PLTD PT. Koperasi Induk PLN KTP,PLTD,0,Kalimantan,4326,109.97670951800006,-1.8022692859999552
745,PLTD PT. Krista Nanga Tayap,PLTD,0,Kalimantan,4326,110.56339043200006,-1.5162262179999288
746,PLTD PT. Tan Energi Marau,PLTD,0,Kalimantan,4326,110.70776180300004,-2.1248169999999504
747,PLTD PT. Aggreko Nanga Tayap,PLTD,0,Kalimantan,4326,110.57185000000004,-1.566805555999963
748,PLTD Sambas,PLTD,1977,Kalimantan,4326,109.29620000000006,1.3599030000000312
749,PLTMH Sajingan,PLTMH,2006,Kalimantan,4326,109.64280000000008,1.619745000000023
750,PLTD Sentebang,PLTD,1986,Kalimantan,4326,109.04610000000008,1.3116960000000404
751,PLTD Bengkayang,PLTD,2003,Kalimantan,4326,109.47730000000007,0.8189028000000462
752,PLTMH Merasap,PLTMH,2010,Kalimantan,4326,109.74420000000003,1.1240290000000641
753,PLTD Cempaka Putih,PLTD,1996,Kalimantan,4326,110.05670000000003,1.073056000000065
754,PLTD Lemukutan,PLTD,2001,Kalimantan,4326,108.71240000000006,0.7596267000000694
755,PLTD Area Singkawang,PLTD,0,Kalimantan,4326,108.98030000000006,0.9115277780000497
756,PLTS Temajuk,PLTS,2012,Kalimantan,4326,109.59722000000005,2.0069440000000327
757,PLTS Sidding,PLTS,2013,Kalimantan,4326,110.07051289900005,1.2517966820000197
758,PLTD Temajuk,PLTD,2015,Kalimantan,4326,109.60170000000005,1.9965400000000386
759,PLTMH Serawak Energi BHD Sajingan (B),PLTMH,0,Kalimantan,4326,109.67974440000006,1.6086777780000716
760,PLTD Pulau Limbung,PLTD,1997,Kalimantan,4326,109.85915228600004,-0.26786951799994085
761,PLTS Pulau Limbung,PLTS,0,Kalimantan,4326,109.85900000000004,-0.2678599999999278
762,PLTD Tanjung Saleh,PLTD,1999,Kalimantan,4326,109.14800000000008,-0.10828999999995403
763,PLTD Sepuk Laut,PLTD,2014,Kalimantan,4326,109.07800000000009,-0.22243999999994912
764,PLTD Ngabang,PLTD,0,Kalimantan,4326,109.86400000000003,0.3863805560000628
765,PLTD Padang Tikar,PLTD,0,Kalimantan,4326,109.27185000000009,0.6817666600000507
766,PLTD Batu Ampar,PLTD,0,Kalimantan,4326,109.53740000000005,0.7486333330000434
767,PLTBm PT Harjohn Timber,PLTBm,0,Kalimantan,4326,109.44663700000007,-0.1787859999999455
768,PLTD PT. Sewatama Ngabang,PLTD,0,Kalimantan,4326,109.86413325000007,0.3863710380000498
769,PLTD Semboja,PLTD,1996,Kalimantan,4326,110.56033800000006,0.13450196400003733
770,PLTD Teraju,PLTD,1989,Kalimantan,4326,110.10450000000009,-0.23002999999994245
771,PLTD Kuala Buayan,PLTD,1993,Kalimantan,4326,110.38166700000005,0.10586700000004612
772,PLTD Balai Karangan,PLTD,1995,Kalimantan,4326,110.82776700000005,0.43515000000002146
773,PLTD Sekadau,PLTD,1997,Kalimantan,4326,110.88980000000004,0.021140000000059445
774,PLTD Belitang,PLTD,1997,Kalimantan,4326,111.23962830000005,0.13119330000006357
775,PLTD Seberang Kapuas,PLTD,1987,Kalimantan,4326,111.15213000000006,0.10576700000007122
776,PLTD Balai Sepuak,PLTD,1980,Kalimantan,4326,111.20626300000004,0.4420630000000756
777,PLTD Menyurai,PLTD,1986,Kalimantan,4326,111.51050640000005,0.08551560000006475
778,PLTD Nanga Silat,PLTD,1979,Kalimantan,4326,111.78762000000006,0.34330700000003844
779,PLTD Senaning,PLTD,1987,Kalimantan,4326,111.03151670000005,0.9076166670000703
780,PLTD Nanga Merakai,PLTD,2011,Kalimantan,4326,111.51730000000003,0.6876330000000621
781,PLTD Ketungau,PLTD,1993,Kalimantan,4326,111.61960000000005,0.3566333330000475
782,PLTD Tebidah,PLTD,1997,Kalimantan,4326,112.18393000000003,0.25215000000002874
783,PLTD Sinar Pekayau,PLTD,1997,Kalimantan,4326,111.08246700000007,0.3329833000000235
784,PLTD Nanga Lebang,PLTD,1987,Kalimantan,4326,111.64429900000005,0.2178800000000365
785,PLTD Sidomulyo Pinoh,PLTD,2012,Kalimantan,4326,111.70666700000004,-0.3421666669999581
786,PLTD Kota Baru,PLTD,1997,Kalimantan,4326,111.54205000000007,-0.7995829999999273
787,PLTD Serawai,PLTD,1988,Kalimantan,4326,112.438533,-0.33121899999997595
788,PLTD Manukung,PLTD,1998,Kalimantan,4326,112.22738300000003,-0.41828329999992775
789,PLTD Nanga Ella,PLTD,2005,Kalimantan,4326,112.00305600000002,-0.3983709999999405
790,PLTD Nanga Sayan,PLTD,1993,Kalimantan,4326,111.67616700000008,-0.7135333329999298
791,PLTD Bora,PLTD,1997,Kalimantan,4326,111.76416700000004,-0.6284166999999456
792,PLTMH Bora,PLTMH,0,Kalimantan,4326,111.77499720000009,-0.6329194399999665
793,PLTD Tontang,PLTD,1989,Kalimantan,4326,112.22263300000009,-0.26849999999996044
794,PLTD Kalan,PLTD,1998,Kalimantan,4326,111.74133300000005,-0.33589999999992415
795,PLTD Kayan,PLTD,1993,Kalimantan,4326,111.68950000000007,-0.1718329999999355
796,PLTD Kemangai,PLTD,1988,Kalimantan,4326,112.71035000000006,-0.24348329999997986
797,PLTD Sawai,PLTD,0,Kalimantan,4326,112.92658500000005,0.8848750000000223
798,PLTD Semitau,PLTD,2003,Kalimantan,4326,111.96015000000006,0.5431500000000256
799,PLTD Bunut,PLTD,1986,Kalimantan,4326,112.65503300000012,0.5281830000000696
800,PLTD Jongkong,PLTD,1987,Kalimantan,4326,112.277691,0.6651060000000371
801,PLTD Embaloh,PLTD,1995,Kalimantan,4326,112.60169400000007,0.8306590000000256
802,PLTD Lanjak,PLTD,2005,Kalimantan,4326,112.23838,1.034490000000062
803,PLTD Tepuai,PLTD,1994,Kalimantan,4326,112.30313870000009,0.37038278600005015
804,PLTD Seberuang,PLTD,1993,Kalimantan,4326,111.88763330000006,0.464567000000045
805,PLTD Nanga Erak,PLTD,1990,Kalimantan,4326,113.15358300000003,0.37229166700007
806,PLTD Belikai,PLTD,0,Kalimantan,4326,112.1370333000001,0.3304972220000195
807,PLTD Kantuk,PLTD,1987,Kalimantan,4326,110.60652500000003,0.12379100000003973
808,PLTD Piasak,PLTD,1996,Kalimantan,4326,112.72273330000007,0.6593670000000316
809,PLTD Nibung,PLTD,1996,Kalimantan,4326,112.17826670000011,0.33431000000007316
810,PLTD Ujung Said,PLTD,1984,Kalimantan,4326,112.3775667000001,0.6695670000000291
811,PLTD Pulau Majang,PLTD,1999,Kalimantan,4326,111.99412000000007,0.9014800000000491
812,PLTD Ulak Pauk,PLTD,1997,Kalimantan,4326,112.4911833000001,1.0615170000000376
813,PLTD Badau,PLTD,2015,Kalimantan,4326,111.90277000000009,1.043800000000033
814,PLTD Jasa,PLTD,2015,Kalimantan,4326,111.14763300000004,1.0041330000000244
815,PLTMH Serawak Energi BHD Badau (B),PLTMH,0,Kalimantan,4326,111.87190179900006,1.033310904000075
816,PLTMH Serawak Energi BHD Balai Karangan (B),PLTMH,0,Kalimantan,4326,110.35502959900003,0.9878275710000253
817,PLTD Sewatama Semboja,PLTD,0,Kalimantan,4326,110.56045221400007,0.13450196400003733
818,PLTD Sewatama Semboja 2,PLTD,0,Kalimantan,4326,110.56054739300004,0.13450196400003733
819,PLTD Aggreko Semboja,PLTD,0,Kalimantan,4326,110.56046173200008,0.13436871400006112
820,PLTD Koperasi IP Semboja,PLTD,0,Kalimantan,4326,110.56055691000006,0.1343401610000683
821,PLTD ENSAS Sekadau,PLTD,0,Kalimantan,4326,110.88979900000004,0.02113700000006702
822,PLTD Sewatama Menyurai 1,PLTD,0,Kalimantan,4326,111.51064916800004,0.08551560000006475
823,PLTD Sewatama Menyurai 2,PLTD,0,Kalimantan,4326,111.51078241700009,0.08550608200005172
824,PLTD Aggreko Menyurai,PLTD,0,Kalimantan,4326,111.51063965000009,0.08536331400006247
825,PLTD Sewatama Pinoh,PLTD,0,Kalimantan,4326,111.70680025000007,-0.3421666669999581
826,PLTD Makro SPE Pinoh,PLTD,0,Kalimantan,4326,111.70693350000005,-0.3421571489999451
827,PLTD Sewatama Sibau,PLTD,0,Kalimantan,4326,112.92670873200007,0.8848750000000223
828,PLTD Makro SPE Sibau,PLTD,0,Kalimantan,4326,112.92681342800006,0.8848654820000661
829,PLTD Makro SPE Balai Karanga,PLTD,0,Kalimantan,4326,110.82788121400006,0.4351404820000653
830,PLTD Makro SPE Semitau,PLTD,0,Kalimantan,4326,111.96030228600006,0.5431500000000256
831,PLTD Makro SPE Kota Baru,PLTD,0,Kalimantan,4326,111.54205000000007,0.7995833000000516
832,PLTD Makro SPE Tepuai,PLTD,0,Kalimantan,4326,112.30328146800002,0.3703732680000371
833,PLTD Makro Sintang,PLTD,0,Kalimantan,4326,111.51075386400004,0.0853728320000755
834,PLTU PT. Conch South Kalimantan Cement (SKC),PLTU,2015,Kalimantan,4326,115.56974638700001,-2.0631283249999797
835,PLTD ULD Benua Riam,PLTD,1995,Kalimantan,4326,115.22611000000006,-3.094169999999963
836,PLTD ULD Rantau Bujur,PLTD,1992,Kalimantan,4326,115.19889,-3.0822199999999498
837,PLTD ULD Tumbang Jutuh,PLTD,1994,Kalimantan,4326,113.57153000000005,-1.2889199999999619
838,PLTD ULD Tumbang Talaken,PLTD,1994,Kalimantan,4326,113.37817000000007,-1.3610799999999585
839,PLTD ULD Tewah,PLTD,1999,Kalimantan,4326,112.12231000000008,-1.9363299999999413
840,PLTD ULD Tumbang Miri,PLTD,1985,Kalimantan,4326,113.55019000000004,-0.916219999999953
841,PLTD ULD Tumbang Tambirah,PLTD,1994,Kalimantan,4326,113.82267000000002,-1.065469999999948
842,PLTD ULD Tumbang Miwan,PLTD,1992,Kalimantan,4326,113.87194000000011,-1.2169199999999591
843,PLTD ULD Tumbang Kaman,PLTD,1992,Kalimantan,4326,113.09300000000007,-1.3461699999999723
844,PLTD ULD Tumbang Hiran,PLTD,1983,Kalimantan,4326,112.69081000000006,-1.1880799999999567
845,PLTD ULD Tumbang Senamang,PLTD,1995,Kalimantan,4326,112.42475000000002,-1.1607799999999315
846,PLTD ULD Telaga,PLTD,1990,Kalimantan,4326,113.32978000000003,-2.4209699999999543
847,PLTD Pagatan,PLTD,1983,Kalimantan,4326,113.32989000000009,-3.2564199999999346
848,PLTD Telaga Pulang,PLTD,1987,Kalimantan,4326,112.26994000000002,-2.8638899999999694
849,PLTD Mendawai,PLTD,1994,Kalimantan,4326,113.26947000000007,-2.9888899999999694
850,PLTD Pangkut,PLTD,1987,Kalimantan,4326,111.91992000000005,-2.19232999999997
851,PLTD Kenambui,PLTD,1994,Kalimantan,4326,111.79167000000007,-2.4763899999999808
852,PLTD Rantau Pulut,PLTD,1986,Kalimantan,4326,112.18631000000005,-2.047749999999951
853,PLTD Sukamandang,PLTD,1995,Kalimantan,4326,112.18606000000011,-2.0479199999999764
854,PLTD Tumbang Manjul,PLTD,1994,Kalimantan,4326,111.92783000000009,-1.301499999999976
855,PLTD Kuala Jelai,PLTD,1983,Kalimantan,4326,110.73933000000005,-2.9851699999999255
856,PLTD Balai Riam,PLTD,1982,Kalimantan,4326,111.18242000000004,-2.992189999999937
857,PLTD Mentobi Raya,PLTD,2005,Kalimantan,4326,111.69354000000004,-1.985809999999958
858,PLTD Kudangan,PLTD,1994,Kalimantan,4326,111.04294000000004,-1.6099999999999568
859,PLTD Tapin Bini,PLTD,1994,Kalimantan,4326,111.31747000000007,-1.892189999999971
860,PLTBg Maju Aneka Sawit,PLTBg,2014,Kalimantan,4326,112.54241000000002,-2.379699999999957
861,PLTBg Sukajadi Sawit Mekar,PLTBg,2014,Kalimantan,4326,112.45534000000009,-2.399449999999945
862,PLTBg Unggul Lestari,PLTBg,2014,Kalimantan,4326,112.59802000000002,-1.5959099999999466
863,PLTD UPM Parenggean,PLTD,2016,Kalimantan,4326,112.65335000000005,-1.880709999999965
864,PLTBm Korintiga Hutani,PLTBm,2014,Kalimantan,4326,111.82383000000004,-2.606589999999926
865,PLTU Pangkalan Bun (PT. Eksploitasi Energi Indonesia),PLTU,2011,Kalimantan,4326,111.70292000000006,-2.7710199999999645
866,PLTD Sewa UPM Kuala Kurun,PLTD,2010,Kalimantan,4326,113.87220521600011,-1.1170858919999773
867,PLTD Gn. Batu Besar,PLTD,1993,Kalimantan,4326,116.29442000000006,-2.6224399999999264
868,PLTD Sei Bali,PLTD,1990,Kalimantan,4326,116.40703000000008,-3.4079699999999775
869,PLTD Semaras,PLTD,1993,Kalimantan,4326,116.0815,-3.8230199999999286
870,PLTD Lontar,PLTD,1991,Kalimantan,4326,116.06365000000005,-3.9778299999999263
871,PLTD Kerasian,PLTD,2004,Kalimantan,4326,116.20258000000001,-4.027069999999981
872,PLTD Tanjung Seloka,PLTD,1996,Kalimantan,4326,116.3055700000001,-3.9004299999999716
873,PLTD Geronggang,PLTD,1996,Kalimantan,4326,116.2074,-2.8567699999999263
874,PLTD Tanjung Batu,PLTD,1983,Kalimantan,4326,116.22220000000004,-3.0046299999999633
875,PLTD Sampanahan,PLTD,1985,Kalimantan,4326,116.18742000000009,-2.6410799999999313
876,PLTD Sei Durian,PLTD,1990,Kalimantan,4326,116.16205000000002,-2.5093499999999267
877,PLTD Sengayam,PLTD,1998,Kalimantan,4326,115.99548000000004,-2.366769999999974
878,PLTD Marabatuan,PLTD,1993,Kalimantan,4326,115.80992000000003,-4.3688099999999395
879,PLTD Tanjung Samalantakan,PLTD,1990,Kalimantan,4326,116.41473289900011,-2.5661063179999246
880,PLTD Bakau,PLTD,1990,Kalimantan,4326,116.19620000000009,-2.4430999999999585
881,PLTD Mulyaharja,PLTD,1996,Kalimantan,4326,116.32164000000012,-2.3501099999999724
882,PLTD Kerayaan,PLTD,2017,Kalimantan,4326,116.20686,-4.090619999999944
883,PLTD Kerumputan,PLTD,2017,Kalimantan,4326,116.17151000000001,-4.049079999999947
884,PLTD Sewa Kaltimex Kotabaru,PLTD,2015,Kalimantan,4326,116.2120900000001,-3.2536099999999806
885,PLTD Timpah,PLTD,1993,Kalimantan,4326,114.4793400000001,-1.7189699999999561
886,PLTD Sebangau,PLTD,1993,Kalimantan,4326,113.6385600000001,-3.14814999999993
888,PLTD Pujon,PLTD,1991,Kalimantan,4326,114.36425000000008,-1.348609999999951
889,PLTD Sungai Hanyu,PLTD,1994,Kalimantan,4326,114.01602000000003,-0.9274099999999521
890,PLTD Pendang,PLTD,1988,Kalimantan,4326,114.87401000000011,-1.5059699999999339
891,PLTD Tanjung Jawa,PLTD,1993,Kalimantan,4326,114.83501000000001,-1.5647299999999404
892,PLTD Muara Plantau,PLTD,1994,Kalimantan,4326,115.00102000000004,-1.9394399999999337
893,PLTD Bundar,PLTD,1997,Kalimantan,4326,114.9300300000001,-1.4780199999999581
894,PLTD Merawan Lama,PLTD,1993,Kalimantan,4326,114.88432000000012,-1.4510499999999524
895,PLTD Babai,PLTD,1993,Kalimantan,4326,114.83600000000001,-1.954309999999964
896,PLTD Mangkatip,PLTD,1984,Kalimantan,4326,114.85138000000006,-2.224299999999971
897,PLTD Teluk Betung,PLTD,1993,Kalimantan,4326,114.86281000000008,-1.977959999999939
898,PLTD Rangga Ilung,PLTD,1982,Kalimantan,4326,114.87108,-2.3400099999999497
899,PLTD Damparan,PLTD,1994,Kalimantan,4326,114.86802000000012,-2.1384199999999396
900,PLTD Benangin,PLTD,1990,Kalimantan,4326,115.08821000000012,-0.9778399999999579
901,PLTD Tumpung Laung,PLTD,1981,Kalimantan,4326,114.8158400000001,-1.3209199999999441
902,PLTD Luwe Hulu,PLTD,1987,Kalimantan,4326,114.9406600000001,-0.7953999999999724
903,PLTD Montalat,PLTD,1996,Kalimantan,4326,114.89364,-1.323479999999961
904,PLTD Kandui,PLTD,1984,Kalimantan,4326,115.11907000000008,-1.257229999999936
905,PLTD Sabuh,PLTD,1996,Kalimantan,4326,114.97588000000007,-0.9710499999999342
906,PLTD Muara Laung,PLTD,1987,Kalimantan,4326,114.7321300000001,-0.5985999999999763
907,PLTD Tumbang Lahung,PLTD,1993,Kalimantan,4326,114.3022400000001,-0.6953599999999369
908,PLTU Rimau Electric,PLTU,2013,Kalimantan,4326,115.12733703200001,-2.017690869999967
909,PLTD PT. Kaltimex Energy (Puruk Cahu),PLTD,0,Kalimantan,4326,114.58311421400003,-0.5832095179999328
910,PLTU Sangatta (PT. Kaltim Prima Coal) Ex Sektor Mahakam,PLTU,2017,Kalimantan,4326,117.63547000000005,0.5394600000000196
911,PLTD Karangan,PLTD,1992,Kalimantan,4326,117.67272000000003,1.3496900000000664
912,PLTBm Karangan DL,PLTBm,1992,Kalimantan,4326,117.67281517800006,1.3496900000000664
913,PLTD Pengadan,PLTD,2016,Kalimantan,4326,117.67290083900002,1.3496804820000534
914,PLTD Muara Wahau Altrak,PLTD,1995,Kalimantan,4326,116.8431700000001,1.045310000000029
915,PLTD Batu Ampar,PLTD,1998,Kalimantan,4326,116.8309200000001,0.6792800000000625
916,PLTD Senyiur,PLTD,2002,Kalimantan,4326,116.62281000000007,0.3120800000000372
917,PLTD Senyiur Pemkab,PLTD,2002,Kalimantan,4326,116.62294325000005,0.312060964000068
918,PLTD Long Segar,PLTD,1998,Kalimantan,4326,116.82086000000004,0.7976700000000392
919,PLTD Gemar Baru,PLTD,1996,Kalimantan,4326,116.37603000000001,0.800860000000057
920,PLTD Gemar Baru Pemkab,PLTD,1996,Kalimantan,4326,116.3761632500001,0.800860000000057
921,PLTD Muara Pantuan,PLTD,1998,Kalimantan,4326,117.56876000000011,-0.5802699999999277
922,PLTD Melak Pemkab,PLTD,2001,Kalimantan,4326,115.83161276800001,-0.21235855299994455
923,PLTD Melak Sewatama,PLTD,2001,Kalimantan,4326,115.83147000000008,-0.21245373199997175
924,PLTD Melak Kaltimex,PLTD,2001,Kalimantan,4326,115.83160325000006,-0.2124918029999776
925,PLTD Long Iram,PLTD,2001,Kalimantan,4326,115.63306000000011,0.013470000000040727
926,PLTD Long Iram Pemkab,PLTD,2001,Kalimantan,4326,115.63318373200002,0.013470000000040727
927,PLTD Muara Pahu,PLTD,1992,Kalimantan,4326,116.06414000000007,-0.3254199999999514
928,PLTD Datah Bilang,PLTD,1992,Kalimantan,4326,115.46381000000008,0.22603000000003703
929,PLTD Long Bagun,PLTD,1997,Kalimantan,4326,115.23711000000003,0.22603000000003703
930,PLTD Long Bagun Pemkab,PLTD,2015,Kalimantan,4326,115.25711000000001,0.20603000000005522
931,PLTD Dilang Putih,PLTD,1994,Kalimantan,4326,115.76639000000011,-0.716829999999959
932,PLTD Tabisaq,PLTD,1996,Kalimantan,4326,115.92136000000005,-0.49663999999995667
933,PLTD Kelumpang,PLTD,1994,Kalimantan,4326,115.82270000000005,-0.17303999999995767
934,PLTD Muara Muntai,PLTD,1994,Kalimantan,4326,116.47432000000003,-0.6433199999999601
935,PLTD Penyinggahan,PLTD,1992,Kalimantan,4326,116.2234400000001,-0.3873299999999631
936,PLTD Tanjung Isuy,PLTD,1994,Kalimantan,4326,116.14019000000008,-0.5137499999999591
937,PLTD Muara Siran,PLTD,1994,Kalimantan,4326,116.63642000000004,-0.12832999999994854
938,PLTD Muara Kedang,PLTD,1991,Kalimantan,4326,116.29792000000009,-0.5664999999999623
939,PLTD Semayang,PLTD,1995,Kalimantan,4326,116.45181000000002,-0.18277999999997974
940,PLTD Jantur,PLTD,1994,Kalimantan,4326,116.28961000000004,-0.4197799999999461
941,PLTD Tabang,PLTD,1995,Kalimantan,4326,115.92675000000008,0.6734200000000214
942,PLTD Muara Aloh,PLTD,1981,Kalimantan,4326,116.3518600000001,-0.43180999999992764
943,PLTD Sedulang,PLTD,1981,Kalimantan,4326,116.81094000000007,-0.12518999999997504
944,PLTD Long Apari,PLTD,2015,Kalimantan,4326,114.53367000000003,0.8117600000000493
945,PLTD Long Pahangai,PLTD,2015,Kalimantan,4326,114.70905000000005,0.8825400000000627
946,PLTBg Rea Kaltim,PLTBg,2011,Kalimantan,4326,115.80147000000011,-0.24232999999992444
947,PLTD Samabliung Kaltimex,PLTD,1996,Kalimantan,4326,117.51125276800008,2.1580000000000723
948,PLTU Lati (PT. Indo Pusaka Berau),PLTU,2004,Kalimantan,4326,117.61876395400009,2.214621654000041
949,PLTD Bunyu,PLTD,2000,Kalimantan,4326,117.84522000000004,3.4693600000000515
950,PLTMG Bunyu (PT. Prastiwahyu),PLTMG,2013,Kalimantan,4326,117.84494933600001,3.4748535810000476
951,PLTD Atap,PLTD,1983,Kalimantan,4326,117.04906000000005,3.854940000000056
952,PLTD Tanah Merah,PLTD,1994,Kalimantan,4326,117.54006000000004,3.763650000000041
953,PLTMG Sw Tanah Merah (KSO PT. TAN Energy),PLTMG,2015,Kalimantan,4326,117.53538198000001,3.7641092360000243
954,PLTD Sekatak Pemkab,PLTD,1987,Kalimantan,4326,117.07001517800006,3.3068004820000283
955,PLTD Sekatak,PLTD,1987,Kalimantan,4326,117.06992000000002,3.3068100000000413
956,PLTD Malinau Pemkab,PLTD,1996,Kalimantan,4326,116.61066578600003,3.541039518000048
957,PLTD Biduk-Biduk,PLTD,1983,Kalimantan,4326,118.74619000000007,1.2165000000000532
958,PLTD Malinau Kaltimex,PLTD,1996,Kalimantan,4326,116.61078951800005,3.5409062680000716
959,PLTD Tubaan,PLTD,1987,Kalimantan,4326,117.85928000000001,1.81842000000006
960,PLTD KTT Pemkab,PLTD,2009,Kalimantan,4326,116.93286228600005,3.6081700000000296
961,PLTD KTT,PLTD,2009,Kalimantan,4326,116.93271000000004,3.6081700000000296
962,PLTD Selor Sewatama,PLTD,1977,Kalimantan,4326,117.38570517800008,2.8319700000000694
963,PLTD Selor Makro,PLTD,1977,Kalimantan,4326,117.38579083900004,2.8319700000000694
964,PLTU PT. Sumber Alam Sekurau (SAS),PLTU,2016,Kalimantan,4326,117.52122143100007,2.7940711350000242
965,PLTD Long Peso,PLTD,1992,Kalimantan,4326,116.78083000000004,2.691220000000044
966,PLTD Mara,PLTD,1993,Kalimantan,4326,116.23936000000003,2.7503600000000574
967,PLTD Long Beluah,PLTD,1994,Kalimantan,4326,116.12133000000006,2.7380300000000375
968,PLTD Nunukan,PLTD,1977,Kalimantan,4326,117.64014000000009,4.133670000000052
969,PLTD Nunukan Pemkab,PLTD,1977,Kalimantan,4326,117.64025421400004,4.13364144600007
970,PLTMG Nunukan KSO Bugak,PLTMG,2008,Kalimantan,4326,117.6401257230001,4.1331132060000755
971,PLTD Sebatik,PLTD,1983,Kalimantan,4326,117.90883000000008,4.146970000000067
972,PLTS Sebatik,PLTS,1983,Kalimantan,4326,117.9086967500001,4.146827232000021
973,PLTD Tanjung Batu,PLTD,2000,Kalimantan,4326,118.09250000000009,2.278280000000052
974,PLTD Talisayan Pemkab,PLTD,1999,Kalimantan,4326,118.17703951800002,1.604936268000074
975,PLTD Talisayan,PLTD,2013,Kalimantan,4326,118.17703000000006,1.6050600000000372
976,PLTD Talisayan PT IPB,PLTD,2013,Kalimantan,4326,118.17719180300003,1.6050504820000242
977,PLTBm Talisayan DL,PLTBm,2013,Kalimantan,4326,118.17716325000004,1.604936268000074
978,PLTD Gunung Sari,PLTD,1994,Kalimantan,4326,117.11644000000001,2.1853100000000723
979,PLTBm Gunung Sari HHM,PLTBm,0,Kalimantan,4326,117.1165732500001,2.185290964000046
980,PLTD Derawan,PLTD,1983,Kalimantan,4326,118.24300000000005,2.286420000000021
981,PLTS Derawan,PLTS,1983,Kalimantan,4326,118.24312373200007,2.286381929000072
982,PLTD Batu Putih,PLTD,1995,Kalimantan,4326,118.44581000000005,1.3521700000000578
983,PLTD Merasa,PLTD,1994,Kalimantan,4326,117.25150000000008,1.8063900000000217
984,PLTD Krayan,PLTD,2015,Kalimantan,4326,115.69987626800003,3.883349036000027
985,PLTMH Krayan Pemkab,PLTMH,2015,Kalimantan,4326,115.70013325000002,3.8833109640000316
986,PLTMH Krayan,PLTMH,2015,Kalimantan,4326,115.70000000000005,3.8833300000000577
987,PLTD Seimenggaris,PLTD,2015,Kalimantan,4326,117.34125000000006,4.188060000000064
988,PLTS Seimenggaris ESDM,PLTS,2015,Kalimantan,4326,117.34112626800004,4.187898197000038
989,PLTD Sebuku,PLTD,2016,Kalimantan,4326,117.02250000000004,4.0633300000000645
990,PLTS Sebuku ESDM,PLTS,2016,Kalimantan,4326,117.02267132100008,4.0633300000000645
991,PLTD Tulin Onsoi,PLTD,2015,Kalimantan,4326,116.9918100000001,4.180000000000064
992,PLTS Tulin Onsoi ESDM,PLTS,2016,Kalimantan,4326,116.99169578600004,4.179847714000061
993,PLTS Sebatik ESDM,PLTS,2015,Kalimantan,4326,117.80196000000001,4.152740000000051
994,PLTD Lumbis Ogong,PLTD,2016,Kalimantan,4326,116.54833000000008,3.9301900000000387
995,PLTS Lumbis Ogong ESDM,PLTS,2016,Kalimantan,4326,116.54840614300008,3.9301900000000387
996,PLTD Kayan Hulu,PLTD,0,Kalimantan,4326,114.9104900000001,1.785060000000044
997,PLTS Kayan Hulu ESDM,PLTS,0,Kalimantan,4326,117.5952067500001,3.303540000000055
998,PLTD Tarakan,PLTD,0,Kalimantan,4326,117.59534000000008,3.303540000000055
999,PLTD Sewa Tarakan,PLTD,0,Kalimantan,4326,117.59534951800003,3.303425786000048
1000,PLTMG Sw Tarakan I (PT. PLN Tarakan - PT. Max Power),PLTMG,2017,Kalimantan,4326,117.654237609,3.34254293500004
1001,PLTU PT. Idec Abadi Wood Industries (AWI),PLTU,2017,Kalimantan,4326,117.6123840790001,3.2918782620000684
2177,PLTU Tembilok (IPP Ketapang) #01,PLTU,2019,Kalimantan,4326,109.95226759400003,-1.7815700239999614
2178,PLTU Tembilok (IPP Ketapang) #02,PLTU,2019,Kalimantan,4326,109.95232210100005,-1.7817261799999642
2179,PLTU Kalsel-1 (PT. Tanjung Power Indonesia) #01,PLTU,2019,Kalimantan,4326,115.44246842300004,-2.161844783999925
2180,PLTU Parit Baru Site Bengkayang #02,PLTU,2019,Kalimantan,4326,108.87401078000005,0.8370318520000524
2181,PLTU Kaltim (FTP2) Unit 1,PLTU,2019,Kalimantan,4326,117.49226046000001,0.05436441600005537
2182,PLTMG Tanjung Selor Unit 2,PLTMG,2019,Kalimantan,4326,117.36663375,2.8138980050000555
2183,PLTU Kalsel-1 (PT. Tanjung Power Indonesia) #02,PLTU,2019,Kalimantan,4326,115.4426587800001,-2.1615830429999505
2269,PLTU Asam Asam #02,PLTU,2000,Kalimantan,4326,115.10563650600011,-3.926469316999942
2270,PLTU Asam Asam #03,PLTU,2013,Kalimantan,4326,115.10587445200008,-3.926165935999961
2271,PLTU Asam Asam #04,PLTU,2013,Kalimantan,4326,115.10607670600007,-3.9259577329999615
2272,PLTU Pulang Pisau #02,PLTU,2017,Kalimantan,4326,114.209295053,-2.822866749999946
2273,PLTU Teluk Balikpapan #02,PLTU,2017,Kalimantan,4326,116.78938959000004,-1.1702435949999312
2274,PLTU Sanggau #02,PLTU,2014,Kalimantan,4326,110.55572041300007,0.030362868000054277
2275,PLTU Sintang #03,PLTU,2018,Kalimantan,4326,111.43386751300005,0.07369418300004327
2276,PLTU Sintang #02,PLTU,2018,Kalimantan,4326,111.43378661200006,0.07383695000004309
2277,PLTU Sintang #01,PLTU,2018,Kalimantan,4326,111.43370571000008,0.07397971800003234
2278,PLTU Ketapang #02,PLTU,2016,Kalimantan,4326,109.94248666300007,-1.7821034439999721
2279,PLTU PT. Smart Tarjun Refinery,PLTU,2016,Kalimantan,4326,116.11916762100009,-3.2713686549999466
2280,PLTU PT. Wijaya Triutama Plywood Industri,PLTU,2016,Kalimantan,4326,114.5623991110001,-3.3355983379999543
2282,PLTU Kalselteng 1 (PT. SKS Listrik Kalimantan) #01,PLTU,2020,Kalimantan,4326,113.56673833700006,-1.3736081909999598
2283,PLTU Kalselteng 1 (PT. SKS Listrik Kalimantan) #02,PLTU,2020,Kalimantan,4326,113.56718567600001,-1.373636744999942
2284,PLTU Kariangau (PT. Kariangau Power) #02,PLTU,2014,Kalimantan,4326,116.80144759500001,-1.199053474999971
2285,PLTU Senoni #02,PLTU,2011,Kalimantan,4326,117.0927091640001,-0.5435420089999639
2286,PLTU Embalut (PT. Cahaya Fajar Kaltim) #02,PLTU,2008,Kalimantan,4326,117.06222842800003,-0.37312435799992727
2287,PLTU Kaltim 4 (Ekspansi-2 Embalut) #01,PLTU,2020,Kalimantan,4326,117.06576668700006,-0.3638349429999721
2288,PLTU Kaltim 4 (Ekspansi-2 Embalut) #02,PLTU,2020,Kalimantan,4326,117.0659451460001,-0.3638230449999469
2289,PLTU Embalut Ekspansi (PT. Cahaya Fajar Kaltim),PLTU,2008,Kalimantan,4326,117.06277094500001,-0.37314339399995333
2290,PLTU PT. Kaltim Daya Mandiri,PLTU,2016,Kalimantan,4326,117.49748996500011,0.17544260800002576
2291,PLTU Kaltim (FTP2) Unit 2,PLTU,2020,Kalimantan,4326,117.49226284000008,0.05452621900002441
2292,PLTU MT Kaltim (Muara Jawa) #02,PLTU,2018,Kalimantan,4326,117.18882598000005,-0.7803422069999328
2293,PLTU PT. Kalimantan Powerindo,PLTU,2016,Kalimantan,4326,116.83694803900005,-0.3200392369999463
2294,PLTU Tanjung Redep / Berau #01,PLTU,2020,Kalimantan,4326,117.3927228770001,2.1560312010000757
2295,PLTU Tanjung Redep / Berau #02,PLTU,2020,Kalimantan,4326,117.39256107300002,2.156097826000064
2338,PLTMG Bangkanai Blok #02,PLTMG,2016,Kalimantan,4326,115.13665084600007,-0.62278697499994
2339,PLTMG Bangkanai Blok #03,PLTMG,2016,Kalimantan,4326,115.13677933700001,-0.6231367559999512
2340,PLTMG Bangkanai Blok #04,PLTMG,2016,Kalimantan,4326,115.13685785900009,-0.6234365679999314
2341,PLTGU Tanjung Batu #02,PLTGU,1997,Kalimantan,4326,117.05130043800011,-0.3813218539999639
2342,PLTGU Tanjung Batu #03,PLTGU,1998,Kalimantan,4326,117.0513075770001,-0.38098634999994374
2343,PLTG Sambera #02,PLTG,2009,Kalimantan,4326,117.29165497800011,-0.31665197199993145
2344,PLTG Senipah #02,PLTG,2015,Kalimantan,4326,117.13560676300006,-0.9874782719999757
2345,PLTG Peaking #02,PLTG,2014,Kalimantan,4326,117.05159668100009,-0.3843271129999266
2346,PLTMG Bontang Wartsila #02,PLTMG,2009,Kalimantan,4326,117.45405214900006,0.13743236200002684
2347,PLTMG MPP Kaltim #03,PLTMG,2018,Kalimantan,4326,117.45421585600002,0.13786827900003118
2348,PLTMG MPP Kaltim #04,PLTMG,2017,Kalimantan,4326,117.45421395200003,0.13779213700001947
2349,PLTMG MPP Kaltim #01,PLTMG,2018,Kalimantan,4326,117.45385798500001,0.1379101580000679
2350,PLTMG MPP Kaltim #02,PLTMG,2018,Kalimantan,4326,117.45385608100003,0.13783401500006676
2352,PLTMG SW Petung (PT. Benuo Taka Energy) #02,PLTMG,2010,Kalimantan,4326,116.74019410000005,-1.2910581189999562
2353,PLTMG SW Petung (PT. Benuo Taka Energy) #03,PLTMG,2010,Kalimantan,4326,116.74024406800004,-1.2911057089999645
2354,PLTMG SW Petung (PT. Benuo Taka Energy) #04,PLTMG,2010,Kalimantan,4326,116.74029641600009,-1.2911509179999712
2355,PLTMG Tanjung Selor Unit 1,PLTMG,2020,Kalimantan,4326,117.36655046900012,2.8139336970000386
2356,PLTMG Gunung Belah #01,PLTMG,2004,Kalimantan,4326,117.5959874030001,3.3038760730000263
2357,PLTMG Gunung Belah #02,PLTMG,2004,Kalimantan,4326,117.59604689000003,3.3038165870000284
2358,PLTMG Sw Tarakan II (PT. PLN Tarakan - PT. Max Power),PLTMG,2017,Kalimantan,4326,117.65431732000002,3.342535797000039
2359,PLTMG Sw Tarakan III (PT. PLN Tarakan - PT. Max Power),PLTMG,2017,Kalimantan,4326,117.6543851350001,3.3425298480000265
2360,PLTMG Sw Tarakan IV (PT. PLN Tarakan - PT. Max Power),PLTMG,2017,Kalimantan,4326,117.65444343200011,3.342533417000027
2361,PLTMG Sw Tarakan II (PT. PLN Tarakan - PT. Sewatama),PLTMG,2017,Kalimantan,4326,117.65352496000003,3.342688082000052
2362,PLTG PLN Tarakan #01,PLTMG,2004,Kalimantan,4326,117.59602309500008,3.303400181000029
2363,PLTG PLN Tarakan #02,PLTMG,2011,Kalimantan,4326,117.59625509200009,3.3035607950000667
2364,PLTMG Sw Tarakan (PT. PLN Tarakan - PT. Atamora),PLTMG,2017,Kalimantan,4326,117.59635978900008,3.303955785000028
2365,PLTG Sw Tarakan (PT. PLN Tarakan - Perusda),PLTG,2017,Kalimantan,4326,117.59642165500009,3.3038796420000267
3192,PLTBg Suka Damai,PLTBg,2020,Kalimantan,4326,115.77269725700012,-3.341219120999938
3193,PLTD Kuala Pembuang Unit 7,PLTD,2020,Kalimantan,4326,112.54470023200008,-3.3897677139999587
3194,PLTU Kalbar 1 Unit 1,PLTU,2020,Kalimantan,4326,108.84593833900004,0.8154703480000194
3196,PLTGU Senipah (ST),PLTGU,2020,Kalimantan,4326,117.13608265500011,-0.9872236689999454
3299,PLTD Kuala Pembuang #05 (MITSUBISHI),PLTD,2018,Kalimantan,4326,112.54483943000002,-3.3898712209999644
3300,PLTD Kuala Pembuang #06 (MITSUBISIH),PLTD,2018,Kalimantan,4326,112.54483705100006,-3.3898093549999544
3301,PLTD Kuala Pembuang #07 (MITSUBISHI),PLTD,2018,Kalimantan,4326,112.54487155300001,-3.389846236999972
3302,PLTD Kuala Pembuang #08 (MITSUBISHI),PLTD,2018,Kalimantan,4326,112.54487036300009,-3.389786749999928
3303,PLTD Kuala Pembuang #02 (DEUTZ MWM),PLTD,2005,Kalimantan,4326,112.54490486500003,-3.3898236319999455
3304,PLTD Kuala Pembuang #03 (DEUTZ MWM),PLTD,2008,Kalimantan,4326,112.54490010600011,-3.389765334999936
3305,PLTD Kuala Pembuang #04 (DEUTZ MWM),PLTD,2008,Kalimantan,4326,112.54493460900005,-3.3898022169999535
3306,PLTD Kuala Pembuang Unit 9,PLTD,2021,Kalimantan,4326,112.54472164700007,-3.3898022169999535
3401,PLTU Kalbar 1 Unit 2,PLTU,2021,Kalimantan,4326,108.84627146400004,0.8157273300000725
3402,PLTD Kuala Kurun #02 (DEUTZ MWM),PLTD,2004,Kalimantan,4326,113.87252882300004,-1.1170573389999277
3403,PLTD Kuala Kurun #03 MITSUBISHI),PLTD,2018,Kalimantan,4326,113.87245268000004,-1.1170383029999584
3405,PLTD Kuala Kurun #04 MITSUBISHI),PLTD,2018,Kalimantan,4326,113.87247171600006,-1.1170858919999773
3406,PLTD Kuala Kurun #05 MITSUBISHI),PLTD,2018,Kalimantan,4326,113.8723860550001,-1.1170668569999407
3407,PLTD Kuala Kurun Unit 2-3,PLTD,2021,Kalimantan,4326,113.87220521600011,-1.1171620349999785
3408,PLTD Kuala Kurun Unit 4,PLTD,2021,Kalimantan,4326,113.87227184100004,-1.1171334809999394
3552,"PLTD Gunung Purei Unit 1,2,3",PLTD,2021,Kalimantan,4326,115.61959458700005,-1.132587214999944
3553,"PLTD Simpang Sepaku Mitsubishi Unit 5,6",PLTD,2021,Kalimantan,4326,111.50250003900004,-2.209342976999949
3554,PLTD Simpang Sepaku Mitsubishi Unit 9,PLTD,2021,Kalimantan,4326,111.50247148600005,-2.209466708999969
3555,PLTD Sukamara #03 (MWM),PLTD,1998,Kalimantan,4326,111.16421089400006,-2.717080487999965
3556,PLTD Sukamara #04 (DEUTZ),PLTD,1998,Kalimantan,4326,111.16422755000008,-2.7170816779999427
3557,PLTD Sukamara #05 (DEUTZ AG),PLTD,2000,Kalimantan,4326,111.16420970400009,-2.7171007139999688
3558,PLTD Sukamara #06 (MTU),PLTD,2017,Kalimantan,4326,111.16422636000004,-2.717101902999957
3559,PLTD Sukamara #07 (MITSUBITSI),PLTD,2018,Kalimantan,4326,111.16420851400005,-2.7171221289999608
3560,PLTD Sukamara #08 (MITSUBITSI),PLTD,2018,Kalimantan,4326,111.16422517000007,-2.7171233189999384
3561,PLTD Sukamara #09 (MITSUBITSI),PLTD,2018,Kalimantan,4326,111.16420732400007,-2.717142353999975
3562,PLTD DKK Sukamara,PLTD,2010,Kalimantan,4326,111.16422398100008,-2.7171435439999527
3563,PLTD Sukamara #02 (MAN),PLTD,2009,Kalimantan,4326,111.16422992900004,-2.717063831999951
3564,"PLTD Kartamulia Sukamara Mitsubishi Unit 7,8",PLTD,2021,Kalimantan,4326,111.21093785800008,-2.6845734859999766
