objectid,dataset_id,kode2,nama,nama_asli,jenis,lokasi,kecamatan,region,provinsi,luas_ha,klasifikas,tipe,pot_mw,latitude,longitude,coord_note
291,ID-KI.60,8894A,Potensi Air Kuaro (ID-KI.60),Noname 4,Hidro,"Kec. Kuaro, Kab. Paser",Kuaro,Paser,Kalimantan Timur,20.6,Kecil,-,1.02999997,-1.814997,116.084478,Approximate kecamatan center
292,ID-KI.47,8969A,Waduk Manggar,Waduk Manggar,Hidro,"Kec. Balikpapan Utara, Kota Balikpapan",Balikpapan Utara,Balikpapan,Kalimantan Timur,259.32,Kecil,Buatan,12.9659996,-1.15361,116.88417,Approximate kecamatan center
293,ID-KI.51,9004A,Waduk Samboja,Waduk Samboja,Hidro,"Kec. Samboja, Kab. Kutai Kartanegara",Samboja,Kutai Kartanegara,Kalimantan Timur,167.18,Kecil,Buatan,8.35900021,-1.016667,117.033333,Approximate kecamatan center
294,ID-KI.390,9227A,Potensi Air Loa Janan (ID-KI.390),Noname 334,Hidro,"Kec. Loa Janan, Kab. Kutai Kartanegara",Loa Janan,Kutai Kartanegara,Kalimantan Timur,23.0,Kecil,-,1.14999998,-0.533,117.05,Approximate kecamatan center
295,ID-KI.300,9229A,Potensi Air Sanga-Sanga (ID-KI.300),Noname 244,Hidro,"Kec. Sanga-Sanga, Kab. Kutai Kartanegara",Sanga-Sanga,Kutai Kartanegara,Kalimantan Timur,39.53,Kecil,-,1.97650003,-0.664129,117.230065,Approximate kecamatan center with small offset to reduce marker overlap
296,ID-KI.403,9258A,Potensi Air Sanga-Sanga (ID-KI.403),Noname 347,Hidro,"Kec. Sanga-Sanga, Kab. Kutai Kartanegara",Sanga-Sanga,Kutai Kartanegara,Kalimantan Timur,39.36,Kecil,-,1.96800005,-0.654129,117.238065,Approximate kecamatan center with small offset to reduce marker overlap
297,ID-KI.460,9732A,Potensi Air Sungai Kunjang (ID-KI.460),Noname 404,Hidro,"Kec. Sungai Kunjang, Kota Samarinda",Sungai Kunjang,Samarinda,Kalimantan Timur,49.89,Kecil,-,2.49449992,-0.514545,117.092584,Approximate kecamatan center
298,ID-KI.513,9738A,Potensi Air Tenggarong (ID-KI.513),Noname 457,Hidro,"Kec. Tenggarong, Kab. Kutai Kartanegara",Tenggarong,Kutai Kartanegara,Kalimantan Timur,49.24,Kecil,-,2.46199989,0.4,116.967,Approximate kecamatan center with small offset to reduce marker overlap
299,ID-KI.517,9740A,Potensi Air Loa Kulu (ID-KI.517),Noname 461,Hidro,"Kec. Loa Kulu, Kab. Kutai Kartanegara",Loa Kulu,Kutai Kartanegara,Kalimantan Timur,97.1,Kecil,-,4.85500002,-0.513937,117.020552,Approximate kecamatan center
300,ID-KI.181,9781A,Potensi Air Tenggarong (ID-KI.181),Noname 125,Hidro,"Kec. Tenggarong, Kab. Kutai Kartanegara",Tenggarong,Kutai Kartanegara,Kalimantan Timur,26.75,Kecil,-,1.33749998,0.41,116.975,Approximate kecamatan center with small offset to reduce marker overlap
301,ID-KI.41,9850A,Danau Perian,Danau Perian,Hidro,"Kec. Muara Muntai, Kab. Kutai Kartanegara",Muara Muntai,Kutai Kartanegara,Kalimantan Timur,790.4,Kecil,-,39.52000046,-0.360211,116.393189,Approximate kecamatan center with small offset to reduce marker overlap
302,ID-KI.40,9994A,Danau Batubumbun,Danau Batubumbun,Hidro,"Kec. Muara Muntai, Kab. Kutai Kartanegara",Muara Muntai,Kutai Kartanegara,Kalimantan Timur,58.41,Kecil,-,2.92050004,-0.350211,116.401189,Approximate kecamatan center with small offset to reduce marker overlap
303,ID-KI.160,10011A,Potensi Air Tenggarong Seberang (ID-KI.160),Noname 104,Hidro,"Kec. Tenggarong Seberang, Kab. Kutai Kartanegara",Tenggarong Seberang,Kutai Kartanegara,Kalimantan Timur,33.41,Kecil,-,1.67050004,-0.379919,117.112603,Approximate kecamatan center with small offset to reduce marker overlap
304,ID-KI.48,10020A,Danau Jempang,Danau Jempang,Hidro,"Kec. Jempang, Kab. Kutai Barat",Jempang,Kutai Barat,Kalimantan Timur,15959.6,Besar,Paparan Banjir,797.97998047,-0.525478,116.137406,Approximate kecamatan center
305,ID-KI.45,10065A,Danau Wis,Danau Wis,Hidro,"Kec. Muara Wis, Kab. Kutai Kartanegara",Muara Wis,Kutai Kartanegara,Kalimantan Timur,1099.64,Sedang,-,54.98199844,-0.315699,116.484347,Approximate kecamatan center with small offset to reduce marker overlap
306,ID-KI.433,10130A,Potensi Air Tenggarong Seberang (ID-KI.433),Noname 377,Hidro,"Kec. Tenggarong Seberang, Kab. Kutai Kartanegara",Tenggarong Seberang,Kutai Kartanegara,Kalimantan Timur,59.52,Kecil,-,2.97600007,-0.369919,117.120603,Approximate kecamatan center with small offset to reduce marker overlap
307,ID-KI.437,10153A,Potensi Air Tenggarong Seberang (ID-KI.437),Noname 381,Hidro,"Kec. Tenggarong Seberang, Kab. Kutai Kartanegara",Tenggarong Seberang,Kutai Kartanegara,Kalimantan Timur,29.33,Kecil,-,1.46650004,-0.389919,117.120603,Approximate kecamatan center with small offset to reduce marker overlap
308,ID-KI.5,10186A,Danau Barong,Danau Barong,Hidro,"Kec. Melak, Kab. Kutai Barat",Melak,Kutai Barat,Kalimantan Timur,24.72,Kecil,-,1.23599994,-0.237137,115.813129,Approximate kecamatan center
309,ID-KI.35,10202A,Danau Melintang,Danau Melintang,Hidro,"Kec. Muara Wis, Kab. Kutai Kartanegara",Muara Wis,Kutai Kartanegara,Kalimantan Timur,7407.31,Sedang,Paparan Banjir,370.36599731,-0.305699,116.492347,Approximate kecamatan center with small offset to reduce marker overlap
310,ID-KI.443,10209A,Potensi Air Tenggarong Seberang (ID-KI.443),Noname 387,Hidro,"Kec. Tenggarong Seberang, Kab. Kutai Kartanegara",Tenggarong Seberang,Kutai Kartanegara,Kalimantan Timur,20.16,Kecil,-,1.00800002,-0.369919,117.104603,Approximate kecamatan center with small offset to reduce marker overlap
311,ID-KI.43,10256A,Danau Semayang,Danau Semayang,Hidro,"Kec. Kota Bangun, Kab. Kutai Kartanegara",Kota Bangun,"Bangun, Kab. Kutai Kartanegara",Kalimantan Timur,10674.7,Besar,Paparan Banjir,533.73498535,-0.265433,116.591314,Approximate kecamatan center with small offset to reduce marker overlap
312,ID-KI.42,10316A,Danau Rabok,Danau Rabok,Hidro,"Kec. Kenohan, Kab. Kutai Kartanegara",Kenohan,Kutai Kartanegara,Kalimantan Timur,579.46,Kecil,-,28.97299957,-0.013714,116.364949,Approximate kecamatan center
313,ID-KI.153,10339A,Potensi Air Marang Kayu (ID-KI.153),Noname 97,Hidro,"Kec. Marang Kayu, Kab. Kutai Kartanegara",Marang Kayu,Kutai Kartanegara,Kalimantan Timur,40.02,Kecil,-,2.00099993,-0.11274,117.430523,Approximate kecamatan center
314,ID-KI.3,10345A,Danau Bahadaq,Danau Bahadaq,Hidro,"Kec. Tering, Kab. Kutai Barat",Tering,Kutai Barat,Kalimantan Timur,62.24,Kecil,Oxbow,3.11199999,-0.08439,115.662101,Approximate kecamatan center
315,ID-KI.10,10357A,Danau Siram,Danau Siram,Hidro,"Kec. Muara Kaman, Kab. Kutai Kartanegara",Muara Kaman,Kutai Kartanegara,Kalimantan Timur,1207.4,Sedang,-,60.36999893,0.25111,117.0375,Approximate kecamatan center
316,ID-KI.11,10401A,Danau Ngayantua,Danau Ngayantua,Hidro,"Kec. Muara Bengkal, Kab. Kutai Timur",Muara Bengkal,Kutai Timur,Kalimantan Timur,271.5,Kecil,-,13.57499981,0.43853,116.717936,Approximate kecamatan center with small offset to reduce marker overlap
317,ID-KI.46,10405A,Danau Padamapi,Danau Padamapi,Hidro,"Kec. Muara Bengkal, Kab. Kutai Timur",Muara Bengkal,Kutai Timur,Kalimantan Timur,446.31,Kecil,-,22.31550026,0.44853,116.725936,Approximate kecamatan center with small offset to reduce marker overlap
318,ID-KI.4,10482A,Danau Kelumpang,Danau Kelumpang,Hidro,"Kec. Mook Manaar Bulatn, Kab. Kutai Barat",Mook Manaar Bulatn,Kutai Barat,Kalimantan Timur,94.93,Kecil,Oxbow,4.74650002,-0.164102,115.882259,Approximate kecamatan center
319,ID-KI.38,10506A,Danau Kliring,Danau Kliring,Hidro,"Kec. Muara Ancalong, Kab. Kutai Timur",Muara Ancalong,Kutai Timur,Kalimantan Timur,20.66,Kecil,Oxbow,1.03299999,0.424955,116.683437,Approximate kecamatan center
320,ID-KI.1,10509A,Danau Belibis,Danau Belibis,Hidro,"Kec. Bongan, Kab. Kutai Barat",Bongan,Kutai Barat,Kalimantan Timur,66.81,Kecil,-,3.34050012,-0.750538,116.24235,Approximate kecamatan center
321,ID-KI.474,10648A,Potensi Air Sangatta Utara (ID-KI.474),Noname 418,Hidro,"Kec. Sangatta Utara, Kab. Kutai Timur",Sangatta Utara,Kutai Timur,Kalimantan Timur,26.55,Kecil,-,1.32749999,0.504889,117.546295,Approximate kecamatan center
660,ID-KI.101,20358A,Potensi Air Muara Lawa (ID-KI.101),Noname 45,Hidro,"Kec. Muara Lawa, Kab. Kutai Barat",Muara Lawa,Kutai Barat,Kalimantan Timur,46.93,Kecil,-,2.34649992,-0.508688,115.769102,Approximate kecamatan center with small offset to reduce marker overlap
661,ID-KI.319,20359A,Potensi Air Muara Lawa (ID-KI.319),Noname 263,Hidro,"Kec. Muara Lawa, Kab. Kutai Barat",Muara Lawa,Kutai Barat,Kalimantan Timur,46.05,Kecil,-,2.30250001,-0.498688,115.777102,Approximate kecamatan center with small offset to reduce marker overlap
662,ID-KI.258,20360A,Potensi Air Muara Lawa (ID-KI.258),Noname 202,Hidro,"Kec. Muara Lawa, Kab. Kutai Barat",Muara Lawa,Kutai Barat,Kalimantan Timur,40.9,Kecil,-,2.04500008,-0.518688,115.777102,Approximate kecamatan center with small offset to reduce marker overlap
663,ID-KI.487,20361A,Potensi Air Muara Lawa (ID-KI.487),Noname 431,Hidro,"Kec. Muara Lawa, Kab. Kutai Barat",Muara Lawa,Kutai Barat,Kalimantan Timur,39.05,Kecil,-,1.95249999,-0.498688,115.761102,Approximate kecamatan center with small offset to reduce marker overlap
664,ID-KI.486,20362A,Potensi Air Muara Lawa (ID-KI.486),Noname 430,Hidro,"Kec. Muara Lawa, Kab. Kutai Barat",Muara Lawa,Kutai Barat,Kalimantan Timur,28.81,Kecil,-,1.44050002,-0.518688,115.761102,Approximate kecamatan center with small offset to reduce marker overlap
665,ID-KI.331,20363A,Potensi Air Muara Lawa (ID-KI.331),Noname 275,Hidro,"Kec. Muara Lawa, Kab. Kutai Barat",Muara Lawa,Kutai Barat,Kalimantan Timur,28.04,Kecil,-,1.40199995,-0.494688,115.769102,Approximate kecamatan center with small offset to reduce marker overlap
666,ID-KI.329,20364A,Potensi Air Muara Lawa (ID-KI.329),Noname 273,Hidro,"Kec. Muara Lawa, Kab. Kutai Barat",Muara Lawa,Kutai Barat,Kalimantan Timur,24.28,Kecil,-,1.21399999,-0.508688,115.783102,Approximate kecamatan center with small offset to reduce marker overlap
667,ID-KI.111,20365A,Potensi Air Muara Lawa (ID-KI.111),Noname 55,Hidro,"Kec. Muara Lawa, Kab. Kutai Barat",Muara Lawa,Kutai Barat,Kalimantan Timur,20.95,Kecil,-,1.04750001,-0.522688,115.769102,Approximate kecamatan center with small offset to reduce marker overlap
708,ID-KI.346,20403A,Potensi Air Kota Bangun (ID-KI.346),Noname 290,Hidro,"Kec. Kota Bangun, Kab. Kutai Kartanegara",Kota Bangun,"Bangun, Kab. Kutai Kartanegara",Kalimantan Timur,28.42,Kecil,-,1.421,-0.255433,116.599314,Approximate kecamatan center with small offset to reduce marker overlap
709,ID-KI.347,20404A,Potensi Air Muara Wis (ID-KI.347),Noname 291,Hidro,"Kec. Muara Wis, Kab. Kutai Kartanegara",Muara Wis,Kutai Kartanegara,Kalimantan Timur,33.38,Kecil,-,1.66900003,-0.325699,116.492347,Approximate kecamatan center with small offset to reduce marker overlap
677,ID-KI.22,20375A,Danau Labuan Cermin,Danau Labuan Cermin,Hidro,"Kec. Biduk-Biduk, Kab. Berau",Biduk-Biduk,Berau,Kalimantan Timur,43.94,Kecil,-,2.19700003,1.249035,118.713132,Approximate kecamatan center
779,ID-KI.54,6228 WA,Waduk Sesulu,Waduk Sesulu,Hidro,"Kec. Waru, Kab. Penajam Paser Utara",Waru,Penajam Paser Utara,Kalimantan Timur,20.12,Kecil,Buatan,1.00600004,-1.389633,116.619485,Approximate kecamatan center
760,ID-KI.547,20459A,Potensi Air Siluq Ngurai (ID-KI.547),Noname 491,Hidro,"Kec. Siluq Ngurai, Kab. Kutai Barat",Siluq Ngurai,Kutai Barat,Kalimantan Timur,23.81,Kecil,-,1.19050002,-0.542019,115.903091,Approximate kecamatan center
